最佳DEA1,71.0
最佳DEA2,0.0
本期净资产,7653399.394680036
本期总收益,6.6533993946800365
本期年复利,0.13561583886843231
程序运行时间,2022-08-08 22:59:03
程序运行时长,846.s
