最佳长期EMA,192.0
最佳净资产,5942373.71735503
总收益率,4.9423737173550295
年均收益率复利,0.11780028505720708
程序运行时长,2.40s
程序开始运行时间,2022-07-29 11:13:00
