最佳短期EMA,12.0
最佳中期EMA,25.0
样本净资产,6875210.518575017
样本总收益率,5.875210518575018
样本年均收益率复利,0.27261373190137705
